year,evaluated,accepted,statement_false
1962,11,11,0
1963,9,9,0
1964,12,12,0
1965,12,12,0
1966,12,12,0
1967,12,12,0
1968,11,11,0
1969,11,11,0
1970,10,10,0
1971,10,10,0
1972,11,11,0
1973,9,9,0
1974,10,9,1
1975,11,11,0
1976,9,9,0
1977,10,10,0
1978,11,11,0
1979,10,10,0
1980,10,10,0
1981,8,8,0
1982,9,9,0
1983,9,9,0
1984,8,8,0
1985,10,10,0
1986,12,12,0
1987,11,11,0
1988,12,12,0
1989,9,9,0
1990,10,10,0
1991,10,10,0
1992,11,11,0
1993,11,11,0
1994,11,11,0
1995,10,10,0
1996,10,10,0
1997,9,9,0
1998,10,10,0
1999,11,11,0
2000,10,10,0
2001,9,9,0
2002,8,8,0
2003,12,12,0
2004,10,10,0
2005,11,11,0
2006,10,10,0
2007,11,11,0
2008,11,11,0
2009,11,11,0
2010,12,12,0
2011,12,12,0
2012,11,11,0
2013,10,10,0
2014,11,11,0
2015,12,12,0
2016,11,11,0
2017,9,9,0
2018,12,12,0
2019,11,11,0
2020,9,9,0
2021,10,10,0
2022,12,12,0
2023,12,12,0
2024,11,11,0
2025,12,12,0
